الوزارة,القسم,المعرف
الاتحاد العام للتعاون,الجمعية التعاونية الاستهلاكية,01013
الجامعة العراقية,كلية تربية اساسية,02282
الكلية التقنية الهندسية,وزارة التعليم العالي,03393
المفوضية العليا المستقلة للانتخابات,المقر,04093
المفوضية العليا لحقوق الانسان,المقر,05093
الهيئاة العامة لمراقبة تخصيص الواردات,مجلس الوزراء,06286
الهيئة العامة للضرائب,الهيئة العامة للضرائب,07110
امانة بغداد,المقر,08093
امانة بغداد,المنتزهات والتشجير,08096
امانة بغداد,بلدية الدورة,08117
امانة بغداد,بلدية الصدر,08119
امانة بغداد,بلدية الصدر الاولى,08120
امانة بغداد,بلدية الصدر الثانية,08121
امانة بغداد,بلدية الكرادة,08122
امانة بغداد,دائرة المشاريع,08194
امانة بغداد,دائرة بلدية الرشيد,08199
امانة بغداد,دائرة بلدية بغداد الجديدة,08200
امانة بغداد,دائرة تشجير المزروعات,08202
امانة بغداد,دائرة ماء بغداد,08215
امانة بغداد,دائرة مجاري بغداد,08216
امانة بغداد,شركة ابن الرشد العامة,08231
بلدية الراشديه,محافظة بغداد,09287
تربية ذي قار,العدالة للبنين,10061
جامعة الانبار,المقر,11093
ديوان الوقف السني,المقر,12093
ديوان الوقف الشيعي,العتبة الكاظمية,13060
ديوان الوقف الشيعي,المقر,13093
ديوان الوقف الشيعي,ثانوية الامام الجواد,13142
ديوان الوقف المسيحي,ديوان اوقاف الديانات المسيحية والازيدية والصابئة,14219
رئاسة الوزراء,الامانة العامة لمجلس الوزراء,15006
رئاسة الوزراء,الأمانة العامة لرئاسة الوزراء,15007
رئاسة الوزراء,المقر,15093
رئاسة الوزراء,الهيئة الوطنية للاستثمار,15112
رئاسة الوزراء,بلدية الدورة,15117
رئاسة الوزراء,رئاسة الادعاء العام,15222
رئاسة الوزراء,سلطة الطيران المدني,15226
رئاسة الوزراء,فريق الجهد الخدمي و الهندسي,15259
رئاسة الوزراء,مجلس الخدمة الاتحادي,15284
رئاسة الوزراء,مديرية شهداء الرصافة,15332
رئاسة الوزراء,مؤسسة السجناء السياسيين,15372
رئاسة الوزراء,مؤسسة الشهداء,15373
رئاسة الوزراء,مؤسسة الشهداء الرصافة,15374
رئاسة الوزراء,مؤسسة الشهداء الكرخ,15375
رئاسة الوزراء,مؤسسة الشهداء مدينة الصدر,15376
رئاسة الوزراء,هيأة التصنيع الحربي,15379
رئاسة الوزراء,هيئة الحج والعمرة,15383
رئاسة الوزراء,هيئة المنافذ الحدودية,15388
شبكة الاعلام العراقي,المقر,16093
شبكة الاعلام العراقي,قناة العراقية,16270
شركة اعادة التأمين العراقية العامة,وزارة المالية,17394
مجلس القضاء الاعلى,المقر,18093
مجلس الوزراء,المجمع العلمي العراقي,19065
مجلس الوزراء,الهيئاة العامة لمراقبة تخصيص الواردات,19108
مجلس الوزراء,الهيئة الوطنية للرقابة النووية والإشعاعية والكيميائية والبايلوجية,19113
مجلس الوزراء,بيت الحكمة,19124
مجلس محافظة بغداد,المقر,20093
مجلس محافظه بغداد,المقر,21093
محافظة بغداد,المديرية العامة للمجاري بغداد,22073
محافظة بغداد,المقر,22093
محافظة بغداد,بلدية الراشديه,22118
محافظة بغداد,بلديه قضاء الراشديه,22123
محافظة بغداد,دائرة العمل والتدريب المهني,22188
محافظة بغداد,ديوان محافظة بغداد,22220
محافظة بغداد,مديرية بلديات بغداد,22311
محافظة بغداد,مديرية بلدية ابو غريب,22312
محافظة بغداد,مديرية بلدية ابي غريب,22313
محافظة بغداد,مديرية بلدية التاجي,22314
محافظة بغداد,مديرية بلدية الجسر,22315
محافظة بغداد,مديرية بلدية الطارمية,22316
محافظة بغداد,مديرية بلدية النهروان,22317
محافظة بغداد,مديرية زراعة محافظة بغداد,22326
محافظة بغداد,مديرية شباب ورياضة بغداد الرصافة,22327
محافظة بغداد,مديرية ماء بغداد,22335
محافظة بغداد,مديريه بلديه النصر والسلام,22338
مديرية بلدية التاجي,محافظة بغداد,23287
مديرية بلدية الطارمية,محافظة بغداد,24287
مديرية بلدية النهروان,محافظة بغداد,25287
مصرف النهرين,وزارة المالية,26394
هيئة استثمار بغداد,مقر الهيئة,27365
هيئة الاعلام والاتصالات,المقر,28093
هيئة الاعلام والاتصالات,قناة العراقية,28270
هيئة التصنيع الحربي,المقر,29093
هيئة التصنيع الحربي,دائرة الصناعات الحربية,29186
هيئة السياحة,المقر,30093
هيئة الطاقة الذرية,مديريه الشؤون الاداريه والماليه,31337
هيئة الطاقة الذرية العراقية,مديرية المختبرات المركزية,32307
هيئة المنافذ الحدودية,المقر,33093
هيئة النزاهة الاتحادية,المقر,34093
وزارة الاتصالات,الشركة العامة للاتصالات والمعلوماتية,35037
وزارة الاتصالات,الشركة العامة للبريد والتوفير,35040
وزارة الاتصالات,المقر,35093
وزارة الاتصالات,شركة السلام العامة,35238
وزارة الاتصالات,مديرية اتصالات الرصافة,35296
وزارة الاتصالات,مديرية اتصالات ومعلوماتية الكرخ,35297
وزارة الإعمار والإسكان والبلديات العامة,الاعمار الهندسي,36005
وزارة الإعمار والإسكان والبلديات العامة,التخطيط العمراني,36009
وزارة الإعمار والإسكان والبلديات العامة,الطرق والجسور,36059
وزارة الإعمار والإسكان والبلديات العامة,المديرية العامة للماء,36071
وزارة الإعمار والإسكان والبلديات العامة,المديرية العامة للمجاري,36072
وزارة الإعمار والإسكان والبلديات العامة,المركز الوطني للاستشارات الهندسية,36081
وزارة الإعمار والإسكان والبلديات العامة,المركز الوطني للمختبرات الانشائية,36084
وزارة الإعمار والإسكان والبلديات العامة,المرور السريع,36086
وزارة الإعمار والإسكان والبلديات العامة,المقر,36093
وزارة الإعمار والإسكان والبلديات العامة,دائرة الاسكان,36165
وزارة الإعمار والإسكان والبلديات العامة,دائرة الاشغال والصيانة,36166
وزارة الإعمار والإسكان والبلديات العامة,دائرة المباني,36193
وزارة الإعمار والإسكان والبلديات العامة,شركة اشور,36232
وزارة الإعمار والإسكان والبلديات العامة,شركة الفاروق,36242
وزارة الإعمار والإسكان والبلديات العامة,شركة الفاو الهندسية,36244
وزارة الإعمار والإسكان والبلديات العامة,شركة المعتصم,36245
وزارة الإعمار والإسكان والبلديات العامة,شركة حمورابي,36249
وزارة الإعمار والإسكان والبلديات العامة,صندوق الاسكان العراقي,36255
وزارة الإعمار والإسكان والبلديات العامة,مديرية البلديات العامة,36300
وزارة الإعمار والإسكان والبلديات العامة,مديرية بلديات الرمادي,36310
وزارة الإعمار والإسكان والبلديات العامة,مركز التدريب والتطوير,36340
وزارة البيئة,المقر,37093
وزارة البيئة,دائرة شؤون الالغام,37205
وزارة البيئة,مديرية البيئة الحضرية,37302
وزارة التجارة,الشركة العامة لتجارة الحبوب,38023
وزارة التجارة,الشركة العامة لتجارة السيارات والمكائن,38024
وزارة التجارة,الشركة العامة لتجارة المواد الانشائية,38025
وزارة التجارة,الشركة العامة لتجارة المواد الغذائية,38026
وزارة التجارة,الشركة العامة لتصنيع الحبوب,38028
وزارة التجارة,الشركة العامة للاسواق المركزية,38038
وزارة التجارة,الشركة العامة للمعارض والخدمات التجارية العراقية,38052
وزارة التجارة,المقر,38093
وزارة التجارة,تجارة الحبوب/ صومعة الدورة,38125
وزارة التجارة,تجارة الحبوب/حبوب التاجي,38126
وزارة التجارة,تجارة الحبوب/صومعة الرصافة,38127
وزارة التجارة,صندوق دعم التصدير,38256
وزارة التجارة,مجلس الخدمة الاتحادي الدائرة الادارية والمالية,38285
وزارة التخطيط,التخطيط,39008
وزارة التخطيط,الجهاز المركزي للتقييس والسيطرة النوعية,39014
وزارة التخطيط,المركز الوطني,39079
وزارة التخطيط,المركز الوطني للتطوير الأداري وتقنية المعلومات,39082
وزارة التخطيط,المركز للاحصاء,39085
وزارة التخطيط,المقر,39093
وزارة التخطيط,هيئة الاحصاء ونظم معلومات الجغرافية,39381
وزارة التربية,الاشراف التربوي,40004
وزارة التربية,المديرية العامة لتربية كربلاء,40066
وزارة التربية,المديرية العامة لتعليم المهني,40067
وزارة التربية,المديرية العامة للاشراف التربوي,40069
وزارة التربية,المديرية العامة للشؤون المالية,40070
وزارة التربية,المديرية العامة للمناهج,40074
وزارة التربية,المديرية العامة للمنهاج,40075
وزارة التربية,المقر,40093
وزارة التربية,الهيئة العليا لمحو الامية,40111
وزارة التربية,تربية الانبار,40128
وزارة التربية,تربية الرصافة الاولى,40129
وزارة التربية,تربية الرصافة الثالثة,40130
وزارة التربية,تربية الرصافة الثانية,40131
وزارة التربية,تربية الفلوجة,40132
وزارة التربية,تربية الكرخ الاولى,40133
وزارة التربية,تربية الكرخ الثالثة,40134
وزارة التربية,تربية الكرخ الثانية,40135
وزارة التربية,تربية واسط,40136
وزارة التربية,شركة النهرين العامة لطباعة وانتاج المستلزمات التربوية - دار النهرين للطباعة,40246
وزارة التربية,شركة النهرين العامة لطباعة وانتاج المستلزمات التربوية - مستلزمات تربوية,40247
وزارة التربية,مديرية تربية ديالى,40318
وزارة التربية,مديرية تربية ميسان,40319
وزارة التربية,مديرية تربية نينوى,40320
وزارة التربية,مديرية تربية واسط,40321
وزارة التربية,مقر,40364
وزارة التعليم العالي,الجامعة التقنية الوسطى,41001
وزارة التعليم العالي,الجامعة التكنولوجية,41010
وزارة التعليم العالي,الجامعة العراقية,41011
وزارة التعليم العالي,الجامعة المستنصرية,41012
وزارة التعليم العالي,الكلية التقنية الهندسية,41064
وزارة التعليم العالي,المقر,41093
وزارة التعليم العالي,جامعة الكرخ للعلوم,41143
وزارة التعليم العالي,جامعة النهرين,41144
وزارة التعليم العالي,جامعة بغداد,41145
وزارة التعليم العالي,جامعة تكريت,41146
وزارة التعليم العالي,جامعة تكنولوجيا المعلومات والاتصالات,41147
وزارة التعليم العالي,جامعة سومر,41148
وزارة التعليم العالي,رئاسة جامعة النهرين,41225
وزارة التعليم العالي,قسم شؤون الديوان,41265
وزارة التعليم العالي,كلية الامام الاعظم,41280
وزارة التعليم العالي,معهد التقني الطبي / بغداد,41361
وزارة التعليم العالي,معهد التكنلوجيا,41362
وزارة التعليم العالي,معهد الطبي التقني المنصور,41363
وزارة التعليم العالي,هيئة البحث العلمي,41382
وزارة الثقافة,الفنون العامة,42063
وزارة الثقافة,المقر,42093
وزارة الثقافة,الهيأة العامة للاثار والتراث,42104
وزارة الثقافة,دار الازياء العراقية,42153
وزارة الثقافة,دار الثقافة والنشر الكوردي,42154
وزارة الثقافة,دار السينما والمسرح,42155
وزارة الثقافة,دار الشؤون الثقافية العامة,42156
وزارة الثقافة,دار الفنون الموسيقية,42157
وزارة الثقافة,دار المامون للترجمة والنشر,42158
وزارة الثقافة,دار ثقافة الاطفال,42159
وزارة الثقافة,دائرة الشؤون الادارية والمالية,42183
وزارة الثقافة,دائرة الكتب والوثائق,42192
وزارة الداخلية,الاحوال المدنية والجوازات,43002
وزارة الداخلية,الدفاع المدني,43016
وزارة الداخلية,الرد السريع,43017
وزارة الداخلية,الشرطة الاتحادية,43019
وزارة الداخلية,المديرية العامة لشؤون المخدرات والمؤثرات العقلية,43068
وزارة الداخلية,المرور العامة,43087
وزارة الداخلية,النجدة,43097
وزارة الداخلية,الوكالة الادارية,43114
وزارة الداخلية,حماية السفارات,43149
وزارة الداخلية,حماية الشخصيات,43150
وزارة الداخلية,حماية المنشات,43151
وزارة الداخلية,حماية منشات وشخصيات بغداد,43152
وزارة الداخلية,شرطة الحدود,43227
وزارة الداخلية,شرطة الطاقة,43228
وزارة الداخلية,شرطة سكك,43229
وزارة الداخلية,فرقة التدخل السريع,43258
وزارة الداخلية,فوج الطوارئ,43260
وزارة الداخلية,فوج طوارئ الكرخ الثالثة,43261
وزارة الداخلية,قاطع مرور الكاظمية,43262
وزارة الداخلية,قيادة شرطة الكرخ,43274
وزارة الداخلية,قيادة شرطة بغداد,43275
وزارة الداخلية,قيادة قوات الحدود,43279
وزارة الداخلية,كلية الشرطة,43281
وزارة الداخلية,محكمة التمييز,43294
وزارة الداخلية,محكمة تمييز قوى الامن الداخلي,43295
وزارة الداخلية,مديرية ادارة الموارد البشرية,43298
وزارة الداخلية,مديرية الاستخبارات ومكافحة الارهاب,43299
وزارة الداخلية,مديرية البنى التحتية,43301
وزارة الداخلية,مديرية التدريب والتاهيل,43303
وزارة الداخلية,مديرية الدفاع المدني,43304
وزارة الداخلية,مديرية الهويات والاجازات,43308
وزارة الداخلية,مديرية امن وسلامة الوزارة,43309
وزارة الداخلية,مديرية حفظ القانون,43323
وزارة الداخلية,مديرية حماية السفارات,43324
وزارة الداخلية,مديرية شرطة الرصافة,43328
وزارة الداخلية,مديرية شرطة الكهرباء,43329
وزارة الداخلية,مديرية شرطة بغداد,43330
وزارة الداخلية,مديرية شرطة سكك الحديد,43331
وزارة الداخلية,مديرية شؤون السيطرات,43333
وزارة الداخلية,مديرية شؤون العشائر,43334
وزارة الداخلية,مديرية مرور بغداد الرصافة,43336
وزارة الداخلية,مقر وكالة الامن الاتحادي,43366
وزارة الداخلية,مكافحة اجرام الانبار,43367
وزارة الداخلية,مكافحة الاجرام,43368
وزارة الداخلية,مكافحة الشغب,43369
وزارة الداخلية,مكافحة المتفجرات,43370
وزارة الداخلية,مكتب الوزير,43371
وزارة الداخلية,وكالة استخبارات الداخلية,43395
وزارة الداخلية,وكالة الوزارة للاستخبارات والتحقيقات الاتحادية,43396
وزارة الداخلية,وكالة شؤون الشرطة,43397
وزارة الدفاع,العمليات,44062
وزارة الدفاع,المديرية العامة للموازنة والبرامج,44076
وزارة الدفاع,المشاة,44089
وزارة الدفاع,المقر العام,44095
وزارة الدفاع,الهندسة العسكرية,44098
وزارة الدفاع,امرية الشؤون الفنية والخدمات,44115
وزارة الدفاع,امرية مواقع,44116
وزارة الدفاع,رئاسة الاركان,44223
وزارة الدفاع,رئاسة الجمهورية,44224
وزارة الدفاع,طيران الجيش,44257
وزارة الدفاع,قاعدة السلام الجوية,44263
وزارة الدفاع,قاعدة عين الاسد الجوية,44264
وزارة الدفاع,قيادة العمليات المشتركة,44271
وزارة الدفاع,قيادة الفرقة الخاصة,44272
وزارة الدفاع,قيادة القوة البرية,44273
وزارة الدفاع,قيادة عمليات الانبار,44276
وزارة الدفاع,قيادة عمليات بغداد,44277
وزارة الدفاع,قيادة عمليات كركوك,44278
وزارة الدفاع,وحدة امن وزارة الدفاع,44392
وزارة الزراعة,الارشاد و التدريب الزراعي,45003
وزارة الزراعة,الشركة العامة للتجهيزات الزراعية,45041
وزارة الزراعة,المستشفى البيطري,45088
وزارة الزراعة,المقر,45093
وزارة الزراعة,دائرة الاراضي الزراعية,45162
وزارة الزراعة,دائرة الاستثمارات الزراعية,45164
وزارة الزراعة,دائرة البحوث الزراعية,45168
وزارة الزراعة,دائرة البستنة,45169
وزارة الزراعة,دائرة البيطرة,45170
وزارة الزراعة,دائرة الثروة الحيوانية,45182
وزارة الزراعة,دائرة الغابات ومكافحة التصحر,45190
وزارة الزراعة,دائرة فحص وتصديق البذور,45212
وزارة الزراعة,دائرة وقاية المزروعات,45218
وزارة الزراعة,شركة مابين النهرين,45252
وزارة الشباب والرياضة,المقر,46093
وزارة الشباب والرياضة,دائرة الاستثمار و التمويل الذاتي,46163
وزارة الشباب والرياضة,دائرة الشؤون الادارية والمالية,46183
وزارة الشباب والرياضة,دائرة الشؤون القانونية والادارية,46184
وزارة الشباب والرياضة,دائرة الشؤون والهندسية والفنية,46185
وزارة الشباب والرياضة,مديرية الشباب والرياضة الرصافة,46305
وزارة الصحة,الشركة العامة لتسويق الادوية والمستلزمات الطبية,47027
وزارة الصحة,المركز التخصصي,47077
وزارة الصحة,المقر,47093
وزارة الصحة,المقر / واسط,47094
وزارة الصحة,دائرة العيادات الشعبيه الطبيه,47189
وزارة الصحة,دائرة صحة بغداد,47206
وزارة الصحة,دائرة صحة بغداد الرصافة,47207
وزارة الصحة,دائرة صحة بغداد الكرخ,47208
وزارة الصحة,دائرة صحة صلاح الدين,47209
وزارة الصحة,دائرة صحة واسط,47210
وزارة الصحة,دائرة مدينة الطب,47217
وزارة الصحة,قطاع الاستقلال للرعاية الصحية الأولية,47266
وزارة الصحة,قطاع الدورة للرعاية الصحية الاولية,47268
وزارة الصحة,قطاع الرشيد للرعاية الصحية,47269
وزارة الصحة,مديرية العمليات والخدمات الطبية الطارئة,47306
وزارة الصحة,مركز الشهيد مصطفى الصدر,47342
وزارة الصحة,مركز صحي المعلمين,47345
وزارة الصحة,مستشفى ابن النفيس,47346
وزارة الصحة,مستشفى ابن الهيثم,47347
وزارة الصحة,مستشفى اطفال الكاظمية,47348
وزارة الصحة,مستشفى الزعفرانية,47349
وزارة الصحة,مستشفى الكرامة التعليمي,47350
وزارة الصحة,مستشفى المدائن العام,47351
وزارة الصحة,مستشفى اليرموك,47352
وزارة الصحة,مصرف الدم,47355
وزارة الصناعة و المعادن,هيئة المسح الجيولوجي,48386
وزارة الصناعة والمعادن,الشركة العامة لصناعات النسيج و الجلود-مصنع الصوفية,49032
وزارة الصناعة والمعادن,الشركة العامة لصناعات النسيج والجلود,49033
وزارة الصناعة والمعادن,الشركة العامة لصناعات النسيج والجلود-مصنع القطنية,49034
وزارة الصناعة والمعادن,الشركة العامة لصناعة السجاد اليدوي,49035
وزارة الصناعة والمعادن,الشركة العامة للانظمة الالكترونية,49039
وزارة الصناعة والمعادن,الشركة العامة للحديد والصلب - قسم الاسناد الهندسي,49042
وزارة الصناعة والمعادن,الشركة العامة للسمنت العراقية,49043
وزارة الصناعة والمعادن,الشركة العامة للصناعات الانشائية,49044
وزارة الصناعة والمعادن,الشركة العامة للصناعات التعدينية,49045
وزارة الصناعة والمعادن,الشركة العامة للصناعات الغذائية/السكائر و التبوغ,49046
وزارة الصناعة والمعادن,الشركة العامة للصناعات الفولاذية,49047
وزارة الصناعة والمعادن,الشركة العامة للصناعات الكهربائية والالكترونية,49048
وزارة الصناعة والمعادن,الشركة العامة للصناعات الميكانيكية,49049
وزارة الصناعة والمعادن,الشركة العامة للصناعات الهايدروليكية,49050
وزارة الصناعة والمعادن,الشركة العامة للفحص والتاهيل الهندسي,49051
وزارة الصناعة والمعادن,المقر,49093
وزارة الصناعة والمعادن,شركة الزوراء العامة,49237
وزارة الصناعة والمعادن,شركة الفارابي,49240
وزارة الصناعة والمعادن,شركة الفارس العامة,49241
وزارة الصناعة والمعادن,شركة ديالى العامة,49251
وزارة الصناعة والمعادن,متقاعد,49283
وزارة الصناعة والمعادن,مصنع البطاريات,49359
وزارة الصناعة والمعادن,مصنع المنصور,49360
وزارة الصناعة والمعادن,هيئة المسح الجيولوج,49385
وزارة العدل,المقر,50093
وزارة العدل,دائرة اصلاح الاحداث,50161
وزارة العدل,دائرة الاصلاح العراقية,50167
وزارة العدل,دائرة التسجيل العقاري,50172
وزارة العدل,دائرة التسجيل العقاري / الرصافة ثانية,50173
وزارة العدل,دائرة التسجيل العقاري ابو غريب,50174
وزارة العدل,دائرة التسجيل العقاري الاعظمية,50175
وزارة العدل,دائرة التسجيل العقاري البياع,50176
وزارة العدل,دائرة التسجيل العقاري الرصافة الثانية,50177
وزارة العدل,دائرة التسجيل العقاري الكرخ الاولى,50178
وزارة العدل,دائرة الكتاب العدول,50191
وزارة العدل,دائرة الوقائع العراقية,50197
وزارة العدل,دائرة تسجيل العقاري العامرية,50201
وزارة العدل,رعاية القاصرين,50221
وزارة العمل والشؤون الاجتماعية,المركز الوطني للصحة والسلامة المهنية,51083
وزارة العمل والشؤون الاجتماعية,المقر,51093
وزارة العمل والشؤون الاجتماعية,دائرة التقاعد والضمان الاجتماعي,51181
وزارة العمل والشؤون الاجتماعية,دائرة العمل والتدريب المهني,51188
وزارة العمل والشؤون الاجتماعية,دائرة رعاية الاحتياجات الخاصة,51204
وزارة العمل والشؤون الاجتماعية,هيأة الحماية الاجتماعية / قسم الرصافة,51380
وزارة العمل والشؤون الاجتماعية,هيئة حقوق ذوي الاعاقة والاحتياجات الخاصة,51391
وزارة الكهرباء,الشركة العامة لانتاج الطاقة الكهربائية,52022
وزارة الكهرباء,الشركة العامة لتوزيع كهرباء الوسط,52031
وزارة الكهرباء,الشركة العامة لفحص وتأهيل المنظومات الكهربائية,52036
وزارة الكهرباء,الشركةالعامة لنقل الطاقة الكهربائية/المنطقة الوسطى,52058
وزارة الكهرباء,المقر,52093
وزارة الكهرباء,توزيع الكرخ,52137
وزارة الكهرباء,توزيع كهرباء الجنوب,52139
وزارة الكهرباء,توزيع كهرباء الصدر,52140
وزارة الكهرباء,توزيع كهرباء الوسط,52141
وزارة الكهرباء,دائرة التشغيل والتحكم,52179
وزارة الكهرباء,دائرة انتاج كهرباء الوسط,52198
وزارة الكهرباء,قطاع الدورة الجنوبي,52267
وزارة الكهرباء,محطة جنوب بغداد الحرارية الغازية الاولى,52288
وزارة الكهرباء,محطة كهرباء التاجي الغازية,52289
وزارة الكهرباء,محطة كهرباء الدورة الحرارية,52290
وزارة الكهرباء,محطة كهرباء الصدر الغازية,52291
وزارة الكهرباء,محطة كهرباء القدس الحرارية,52292
وزارة الكهرباء,محطة كهرباء جنوب بغداد الحرارية,52293
وزارة الكهرباء,مديرية توزيع الرصافة,52322
وزارة الكهرباء,مشاريع الانتاج مشروع سد العظيم,52353
وزارة الكهرباء,مشاريع الطاقة,52354
وزارة الكهرباء,نقل كهرباء الوسط,52377
وزارة المالية,الشركة العامة لاعادة التأمين,53021
وزارة المالية,الشركة العراقية للخدمات المصرفية,53057
وزارة المالية,المصرف الصناعي,53091
وزارة المالية,المقر,53093
وزارة المالية,الهياة العامة للضرائب,53101
وزارة المالية,الهيئة العامة للضرائب,53110
وزارة المالية,دائرة التقاعد العامة,53180
وزارة المالية,دائرة الموازنة,53196
وزارة المالية,دائرة عقارات الدولة,53211
وزارة المالية,شركة اعادة التأمين العراقية العامة,53233
وزارة المالية,شركة التامين العراقية,53235
وزارة المالية,مصرف الرافدين,53356
وزارة المالية,مصرف النهرين,53357
وزارة المالية,هيئة المناطق الحرة,53387
وزارة الموارد المائية,الشركة العراقية العامة,54056
وزارة الموارد المائية,المركز الوطني لادارة الموارد المائية,54080
وزارة الموارد المائية,المقر,54093
وزارة الموارد المائية,الهياة العامة للسدود و الخزانات,54099
وزارة الموارد المائية,الهياة العامة للسدود والخزانات,54100
وزارة الموارد المائية,الهياة العامة للمساحة,54102
وزارة الموارد المائية,الهياة العامة للمياه الجوفية,54103
وزارة الموارد المائية,الهيأة العامة للتشغيل,54105
وزارة الموارد المائية,الهيأة العامة لمشاريع الري و البزل,54106
وزارة الموارد المائية,الهيأة العامة لمشاريع الري والاستصلاح,54107
وزارة الموارد المائية,دائرة المصب العام,54195
وزارة الموارد المائية,دائرة تنفيذ اعمال كري الانهر,54203
وزارة الموارد المائية,دائرة ما بين النهرين / هيأة الصيانة,54213
وزارة الموارد المائية,دائرة ما بين النهرين / هيئة الصيانة,54214
وزارة الموارد المائية,شركة الرافدين العامة لتنفيذ السدود,54236
وزارة الموارد المائية,شركة العراق العامة لتنفيذ مشاريع الري,54239
وزارة الموارد المائية,شركة الفاو العامة لتنفيذ مشاريع الري,54243
وزارة الموارد المائية,مديرية ري بغداد,54325
وزارة الموارد المائية,مركز الدراسات والتصاميم الهندسية,54341
وزارة الموارد المائية,مركز انعاش الاهوار والاراضي الرطبة العراقية,54343
وزارة الموارد المائية,مركز دراسات الموارد المائية لمشاريع المنطقة الشمالية,54344
وزارة النفط,الشركة العامة لتعبئة و خدمات الغاز,55029
وزارة النفط,المركز الثقافي النفطي,55078
وزارة النفط,المشاريع النفطية,55090
وزارة النفط,المعدات الهندسية الثقيلة,55092
وزارة النفط,المقر,55093
وزارة النفط,توزيع المنتجات النفطية في الانبار,55138
وزارة النفط,دائرة التدريب والتطوير,55171
وزارة النفط,شركة  الحفر العراقية,55230
وزارة النفط,شركة الاستكشافات النفطية,55234
وزارة النفط,شركة توزيع المنتجات النفطية,55248
وزارة النفط,شركة خطوط الانابيب النفطية,55250
وزارة النفط,شركة مصافي الوسط,55253
وزارة النفط,شركة نفط الوسط,55254
وزارة النفط,مركز البحث والتطوير النفطي,55339
وزارة النفط,مصفى الدورة,55358
وزارة النفط,هيئة الفرات الاوسط فرع كربلاء,55384
وزارة النفط,هيئة توزيع بغداد,55389
وزارة النفط,هيئة توزيع كركوك,55390
وزارة النقل,الخطوط الجوية العراقية,56015
وزارة النقل,السكك الحديدية,56018
وزارة النقل,الشركة العامة لادارة النقل الخاص,56020
وزارة النقل,الشركة العامة لتنفيذ مشاريع النقل و المواصلات,56030
وزارة النقل,الشركة العامة للملاحة الجوية,56053
وزارة النقل,الشركة العامة للنقل البحري,56054
وزارة النقل,الشركة العامة لنقل المسافرين والوفود,56055
وزارة النقل,المقر,56093
وزارة النقل,الهيئة العامة للانواء الجوية,56109
وزارة النقل,دائرة ادارة المطارات العراقية,56160
وزارة النقل,دائرة العقود والتراخيص,56187
وزارة النقل,هندسة الية الكهرباء,56378
وزارة الهجرة والمهجرين,المقر,57093
